/*
 Navicat Premium Data Transfer

 Source Server         : localhost_3306
 Source Server Type    : MySQL
 Source Server Version : 80031 (8.0.31)
 Source Host           : localhost:3306
 Source Schema         : demo

 Target Server Type    : MySQL
 Target Server Version : 80031 (8.0.31)
 File Encoding         : 65001

 Date: 14/11/2022 22:06:05
*/

SET NAMES utf8mb4;
SET FOREIGN_KEY_CHECKS = 0;

-- ----------------------------
-- Table structure for goods
-- ----------------------------
DROP TABLE IF EXISTS `goods`;
CREATE TABLE `goods`  (
  `id` int NOT NULL AUTO_INCREMENT COMMENT '主键',
  `name` varchar(100) CHARACTER SET utf8mb3 COLLATE utf8mb3_general_ci NOT NULL COMMENT '货名',
  `storage` int NOT NULL COMMENT '仓库',
  `goodsType` int NOT NULL COMMENT '分类',
  `wholesalePrice` decimal(10, 2) NULL DEFAULT NULL COMMENT '批发价',
  `retailPrice` decimal(10, 2) NULL DEFAULT NULL COMMENT '零售价',
  `count` int NULL DEFAULT NULL COMMENT '数量',
  `remark` varchar(1000) CHARACTER SET utf8mb3 COLLATE utf8mb3_general_ci NULL DEFAULT NULL COMMENT '备注',
  PRIMARY KEY (`id`) USING BTREE
) ENGINE = InnoDB AUTO_INCREMENT = 7 CHARACTER SET = utf8mb3 COLLATE = utf8mb3_general_ci ROW_FORMAT = Dynamic;

-- ----------------------------
-- Records of goods
-- ----------------------------
INSERT INTO `goods` VALUES (1, '铅笔', 1, 1, 2.00, 3.00, 55, NULL);
INSERT INTO `goods` VALUES (2, '积木', 2, 2, 10.00, 15.00, 34, NULL);
INSERT INTO `goods` VALUES (3, '苹果', 1, 7, 5.00, 7.50, 56, NULL);
INSERT INTO `goods` VALUES (4, '牙刷', 1, 5, 3.00, 5.00, 10, NULL);
INSERT INTO `goods` VALUES (5, '香蕉', 2, 7, 4.00, 7.00, 67, NULL);

-- ----------------------------
-- Table structure for goodstype
-- ----------------------------
DROP TABLE IF EXISTS `goodstype`;
CREATE TABLE `goodstype`  (
  `id` int NOT NULL AUTO_INCREMENT COMMENT '主键',
  `name` varchar(100) CHARACTER SET utf8mb3 COLLATE utf8mb3_general_ci NOT NULL COMMENT '分类名',
  `remark` varchar(1000) CHARACTER SET utf8mb3 COLLATE utf8mb3_general_ci NULL DEFAULT NULL COMMENT '备注',
  PRIMARY KEY (`id`) USING BTREE
) ENGINE = InnoDB AUTO_INCREMENT = 10 CHARACTER SET = utf8mb3 COLLATE = utf8mb3_general_ci ROW_FORMAT = Dynamic;

-- ----------------------------
-- Records of goodstype
-- ----------------------------
INSERT INTO `goodstype` VALUES (1, '文具', NULL);
INSERT INTO `goodstype` VALUES (2, '玩具', NULL);
INSERT INTO `goodstype` VALUES (3, '服装', NULL);
INSERT INTO `goodstype` VALUES (4, '鞋帽', NULL);
INSERT INTO `goodstype` VALUES (5, '日杂', NULL);
INSERT INTO `goodstype` VALUES (6, '百货', NULL);
INSERT INTO `goodstype` VALUES (7, '食品', NULL);
INSERT INTO `goodstype` VALUES (8, '建材', NULL);

-- ----------------------------
-- Table structure for menu
-- ----------------------------
DROP TABLE IF EXISTS `menu`;
CREATE TABLE `menu`  (
  `id` int NOT NULL,
  `menuCode` varchar(8) CHARACTER SET utf8mb3 COLLATE utf8mb3_general_ci NULL DEFAULT NULL COMMENT '菜单编码',
  `menuName` varchar(16) CHARACTER SET utf8mb3 COLLATE utf8mb3_general_ci NULL DEFAULT NULL COMMENT '菜单名字',
  `menuLevel` varchar(2) CHARACTER SET utf8mb3 COLLATE utf8mb3_general_ci NULL DEFAULT NULL COMMENT '菜单级别',
  `menuParentCode` varchar(8) CHARACTER SET utf8mb3 COLLATE utf8mb3_general_ci NULL DEFAULT NULL COMMENT '菜单的父code',
  `menuClick` varchar(16) CHARACTER SET utf8mb3 COLLATE utf8mb3_general_ci NULL DEFAULT NULL COMMENT '点击触发的函数',
  `menuRight` varchar(8) CHARACTER SET utf8mb3 COLLATE utf8mb3_general_ci NULL DEFAULT NULL COMMENT '权限 0超级管理员，1表示管理员，2表示普通用户，可以用逗号组合使用',
  `menuComponent` varchar(200) CHARACTER SET utf8mb3 COLLATE utf8mb3_general_ci NULL DEFAULT NULL,
  `menuIcon` varchar(100) CHARACTER SET utf8mb3 COLLATE utf8mb3_general_ci NULL DEFAULT NULL,
  PRIMARY KEY (`id`) USING BTREE
) ENGINE = InnoDB CHARACTER SET = utf8mb3 COLLATE = utf8mb3_general_ci ROW_FORMAT = Dynamic;

-- ----------------------------
-- Records of menu
-- ----------------------------
INSERT INTO `menu` VALUES (1, '001', '管理员管理', '1', NULL, 'Admin', '0', 'admin/AdminManage.vue', 'el-icon-s-custom');
INSERT INTO `menu` VALUES (2, '002', '客户管理', '1', NULL, 'User', '0,1', 'user/UserManage.vue', 'el-icon-user-solid');
INSERT INTO `menu` VALUES (3, '003', '货品管理 ', '1', NULL, 'Goods', '0,1,2', 'goods/GoodsManage', 'el-icon-s-management');
INSERT INTO `menu` VALUES (4, '004', '库存管理', '1', NULL, 'Storage', '0,1', 'storage/StorageManage', 'el-icon-office-building');
INSERT INTO `menu` VALUES (5, '005', '销售管理', '1', NULL, 'Record', '0,1,2', 'record/RecordManage', 'el-icon-s-order');
INSERT INTO `menu` VALUES (6, '006', '收银台', '1', NULL, 'Pos', '0,1,2', 'pos/PosManage', 'el-icon-s-order');

-- ----------------------------
-- Table structure for record
-- ----------------------------
DROP TABLE IF EXISTS `record`;
CREATE TABLE `record`  (
  `id` int NOT NULL AUTO_INCREMENT COMMENT '主键',
  `goods` int NOT NULL COMMENT '货品id',
  `userId` int NULL DEFAULT NULL COMMENT '取货人/补货人',
  `admin_id` int NULL DEFAULT NULL COMMENT '操作人id',
  `count` int NULL DEFAULT NULL COMMENT '数量',
  `createtime` datetime NULL DEFAULT NULL COMMENT '操作时间',
  `remark` varchar(1000) CHARACTER SET utf8mb3 COLLATE utf8mb3_general_ci NULL DEFAULT NULL COMMENT '备注',
  PRIMARY KEY (`id`) USING BTREE
) ENGINE = InnoDB AUTO_INCREMENT = 3 CHARACTER SET = utf8mb3 COLLATE = utf8mb3_general_ci ROW_FORMAT = Dynamic;

-- ----------------------------
-- Records of record
-- ----------------------------
INSERT INTO `record` VALUES (1, 4, 1, 1, 2, '2022-11-12 15:14:51', NULL);
INSERT INTO `record` VALUES (2, 2, 2, 1, 10, '2022-11-02 15:16:21', NULL);

-- ----------------------------
-- Table structure for storage
-- ----------------------------
DROP TABLE IF EXISTS `storage`;
CREATE TABLE `storage`  (
  `id` int NOT NULL AUTO_INCREMENT COMMENT '主键',
  `name` varchar(100) CHARACTER SET utf8mb3 COLLATE utf8mb3_general_ci NOT NULL COMMENT '仓库名',
  `remark` varchar(1000) CHARACTER SET utf8mb3 COLLATE utf8mb3_general_ci NULL DEFAULT NULL COMMENT '备注',
  PRIMARY KEY (`id`) USING BTREE
) ENGINE = InnoDB AUTO_INCREMENT = 3 CHARACTER SET = utf8mb3 COLLATE = utf8mb3_general_ci ROW_FORMAT = Dynamic;

-- ----------------------------
-- Records of storage
-- ----------------------------
INSERT INTO `storage` VALUES (1, '大库', NULL);
INSERT INTO `storage` VALUES (2, '门店库房', NULL);

-- ----------------------------
-- Table structure for user
-- ----------------------------
DROP TABLE IF EXISTS `user`;
CREATE TABLE `user`  (
  `id` int NOT NULL AUTO_INCREMENT COMMENT '主键',
  `no` varchar(20) CHARACTER SET utf8mb3 COLLATE utf8mb3_general_ci NULL DEFAULT NULL COMMENT '账号',
  `name` varchar(100) CHARACTER SET utf8mb3 COLLATE utf8mb3_general_ci NOT NULL COMMENT '名字',
  `password` varchar(20) CHARACTER SET utf8mb3 COLLATE utf8mb3_general_ci NOT NULL COMMENT '密码',
  `age` int NULL DEFAULT NULL,
  `sex` int NULL DEFAULT NULL COMMENT '性别',
  `phone` varchar(20) CHARACTER SET utf8mb3 COLLATE utf8mb3_general_ci NULL DEFAULT NULL COMMENT '电话',
  `role_id` int NULL DEFAULT NULL COMMENT '⻆⾊ 0超级管理员，1管理员，2普通账号',
  `isValid` varchar(4) CHARACTER SET utf8mb3 COLLATE utf8mb3_general_ci NULL DEFAULT 'Y' COMMENT '是否有效，Y有效，其他⽆效',
  PRIMARY KEY (`id`) USING BTREE
) ENGINE = InnoDB AUTO_INCREMENT = 4 CHARACTER SET = utf8mb3 COLLATE = utf8mb3_general_ci ROW_FORMAT = Dynamic;

-- ----------------------------
-- Records of user
-- ----------------------------
INSERT INTO `user` VALUES (1, 'sa', '超级管理员', '18', 18, 1, '12123453456', 0, 'Y');
INSERT INTO `user` VALUES (2, 'user_a', '用户a', '123', 30, 1, '12342345667', 1, 'Y');
INSERT INTO `user` VALUES (3, '123', '123', '123', 23, 2, '12345567833', 2, 'Y');

SET FOREIGN_KEY_CHECKS = 1;
